"Time (s)","Linear Acceleration x (m/s^2)","Linear Acceleration y (m/s^2)","Linear Acceleration z (m/s^2)","Absolute acceleration (m/s^2)"
3.532458337E-3,-4.257187782E-2,-3.667077642E-2,-7.763757527E-2,9.583685991E-2
1.358445833E-2,-6.377347978E-2,1.179482982E-2,-8.003025591E-2,1.030097888E-1
2.363545833E-2,-4.593669461E-2,4.569975447E-2,-8.213291466E-2,1.046157882E-1
3.368745834E-2,5.334396567E-3,4.185323674E-2,-8.050329566E-2,9.088965741E-2
4.373845833E-2,6.260670444E-2,5.273793831E-2,-7.543726802E-2,1.113178826E-1
5.378945833E-2,8.256030958E-2,3.556692260E-2,-7.036714733E-2,1.141610534E-1
6.384145834E-2,9.672444033E-2,-1.660234658E-2,-6.558880270E-2,1.180387492E-1
7.389245833E-2,1.359379516E-1,-5.419066991E-2,-6.484503686E-2,1.600644688E-1
8.394445833E-2,1.575799950E-1,-6.280152636E-2,-6.948129416E-2,1.833115839E-1
9.399545834E-2,1.894590879E-1,-4.929686104E-2,-7.545714855E-2,2.098063577E-1
1.040474583E-1,2.729533805E-1,5.130241033E-2,-8.307256222E-2,2.898905584E-1
1.140984583E-1,2.128964824E-1,1.181859693E-1,-5.910833359E-2,2.505726055E-1
1.241494583E-1,5.337113695E-2,7.851691428E-2,-4.532936990E-2,1.052052083E-1
1.342014583E-1,-8.476112846E-2,-1.516511011E-2,-9.996107519E-2,1.319342488E-1
1.442524583E-1,-2.407574234E-1,-3.665539459E-1,-9.846652687E-2,4.494681180E-1
1.543044583E-1,-3.681141657E-1,-6.546503907E-1,-1.215361315E-1,7.608194295E-1
1.643554583E-1,-3.135352316E-1,-4.205771387E-1,-8.383913219E-2,5.312423846E-1
1.744074583E-1,-4.280479435E-1,-1.928231738E-1,-9.120370030E-2,4.782509103E-1
1.844584583E-1,-4.814926640E-1,-3.763515587E-2,-1.111485529E-1,4.955861088E-1
1.945094583E-1,-3.366535874E-1,3.445736775E-1,-1.422943318E-1,5.023090025E-1
2.045614583E-1,-3.426275414E-1,4.786228140E-1,-3.817647099E-3,5.886323170E-1
2.146124583E-1,-2.445684924E-1,2.121309357E-1,-4.511945486E-2,3.268777241E-1
2.246644583E-1,-5.702307031E-2,-9.583961042E-2,-1.729764265E-1,2.058098773E-1
2.347154583E-1,2.979385695E-1,-1.719449046E-1,-1.010118198E-1,3.585189384E-1
2.447664583E-1,3.665792716E-1,-1.845359698E-1,-3.739762187E-2,4.121073509E-1
2.548184583E-1,3.637276942E-1,-9.255317372E-2,-9.184046209E-2,3.863917649E-1
2.648694583E-1,3.978777359E-1,8.367584869E-3,-9.774790406E-2,4.097942923E-1
2.749214583E-1,3.985472421E-1,3.906613399E-2,-5.872241735E-2,4.047399033E-1
2.849724583E-1,3.694827797E-1,3.607693685E-2,-7.985367000E-2,3.797310607E-1
2.950244583E-1,3.177033462E-1,6.547248879E-2,-1.170542407E-1,3.448532416E-1
3.050754583E-1,2.892390090E-1,1.029096250E-1,-7.844449103E-2,3.168645348E-1
3.151264583E-1,2.798983744E-1,2.117253764E-1,-6.641150594E-2,3.571851384E-1
3.251784583E-1,2.635095608E-1,2.973219807E-1,-1.264127094E-1,4.169146458E-1
3.352294583E-1,2.022784321E-1,6.820248616E-1,-2.461508220E-1,7.527713485E-1
3.452814583E-1,3.177158446E-1,1.629674989E0,-2.440043092E-1,1.678190106E0
3.553324583E-1,6.596895942E-1,1.667445664E0,1.136950153E-1,1.796800478E0
3.653844583E-1,2.278788140E0,1.792406509E0,1.781716776E-1,2.904710249E0
3.754354583E-1,3.612183835E0,3.485910582E0,-3.662988245E-2,5.020038485E0
3.854864583E-1,3.684840167E0,4.233709530E0,-1.825851560E-1,5.615663877E0
3.955384583E-1,2.553756526E0,3.600416021E0,-9.456760347E-2,4.415156957E0
4.055894583E-1,1.434443329E0,2.530673180E0,-2.405550367E-1,2.918869839E0
4.156414583E-1,-1.031803913E0,3.280696994E0,1.252356648E-2,3.439149447E0
4.256924583E-1,-1.485137227E0,4.457231920E0,3.190813887E-1,4.708966118E0
4.357444583E-1,-1.506939740E0,5.875723752E0,-1.183982817E0,6.180356972E0
4.457954583E-1,-2.053285298E0,9.173017191E0,3.766501504E-1,9.407554955E0
4.558464583E-1,-2.201924882E0,8.298245662E0,-1.737874353E-1,8.587173943E0
4.658984583E-1,-1.668823852E0,6.714825511E0,-2.667599183E-1,6.924233932E0
4.759494583E-1,-1.497749087E0,7.001837261E0,7.545317245E-1,7.199881629E0
4.860014583E-1,-1.652059300E0,6.693918207E0,3.276662707E-2,6.894846956E0
4.960524583E-1,-3.639417388E-1,5.884716770E0,-1.529963737E0,6.091234201E0
5.061034583E-1,-1.243147430E0,5.082193438E0,9.340687269E-1,5.314752117E0
5.161554583E-1,3.935269690E-1,5.340333976E0,-3.246034992E-1,5.364643314E0
5.262064583E-1,1.028830896E0,5.266526912E0,8.542279208E-1,5.433645560E0
5.362584583E-1,1.370754287E0,5.080028799E0,7.220907873E-1,5.311033329E0
5.463094583E-1,4.980583010E-1,6.271736957E0,-3.507109662E0,7.202955277E0
5.563614583E-1,1.052590399E0,5.843719602E0,2.957172014E0,6.633390661E0
5.664124583E-1,1.556210718E0,5.884253671E0,-1.407910126E0,6.247274925E0
5.764634583E-1,1.594136490E0,4.788135209E0,-1.416463434E0,5.241553070E0
5.865154583E-1,2.413717757E0,4.515001826E0,5.208828342E-1,5.146124156E0
5.965664583E-1,1.275664819E0,5.267926151E0,-1.003756428E-1,5.421110765E0
6.066184583E-1,-4.820905052E-1,2.583190240E0,7.753752941E-1,2.739797423E0
6.166694583E-1,-1.289499039E0,4.253978318E0,5.115144253E-1,4.474459332E0
6.267214583E-1,-1.806469648E0,3.694807039E0,-1.887488814E0,4.525212223E0
6.367724583E-1,-7.324205516E-1,3.919810236E0,9.453023976E-1,4.098164074E0
6.468234583E-1,-9.629506101E-1,3.671896771E0,-4.816702366E-1,3.826500489E0
6.568754583E-1,-4.474116924E-1,4.183196311E0,-5.801461190E-1,4.246866859E0
6.669264583E-1,3.966276743E-1,3.148282118E0,9.017915118E-1,3.298821264E0
6.769784583E-1,6.489022853E-1,3.542988762E0,-1.110894960E-1,3.603634890E0
6.870294583E-1,1.079335856E0,3.153550459E0,3.901578033E-1,3.355900699E0
6.970814583E-1,1.969937186E-1,4.504402870E0,2.217524377E0,5.024526456E0
7.071324583E-1,-4.875518777E-1,1.774325164E0,-2.544135225E0,3.139834496E0
7.171834583E-1,5.400822399E-1,4.990053014E0,6.152586490E-1,5.056763898E0
7.272354583E-1,6.059394298E-1,2.208459000E0,2.375600928E-1,2.302365858E0
7.372864583E-1,1.488698090E-1,4.029884363E0,-2.392902839E0,4.689148558E0
7.473384583E-1,-6.302917673E-1,4.040388886E0,1.017856404E0,4.214029155E0
7.573894583E-1,-7.260041825E-2,3.498990511E0,-8.850626278E-1,3.609922613E0
7.674414583E-1,-9.366441330E-1,4.870699356E0,5.863587856E-3,4.959944438E0
7.774924583E-1,-2.113663391E-1,3.611185715E0,-1.319580333E0,3.850536359E0
7.875434583E-1,-1.028758172E0,4.846517026E0,6.920624113E-1,5.002601427E0
7.975954583E-1,-5.319628328E-1,4.809726053E0,-3.415504843E-1,4.851093268E0
8.076464583E-1,-3.848353022E-1,3.999134733E0,1.711219820E0,4.366858149E0
8.176984583E-1,2.238612908E-2,3.963811703E0,-1.135994718E0,4.123443750E0
8.277494583E-1,3.589979363E-2,2.879648167E0,-6.713656068E-1,2.957092176E0
8.378014583E-1,-8.009041828E-2,2.184623263E0,1.438771731E-1,2.190820376E0
8.478524583E-1,6.815105990E-1,2.379724092E0,7.086954010E-1,2.574838368E0
8.579036667E-1,5.510706564E-1,1.966075246E0,-9.516659224E-1,2.252731402E0
8.679556667E-1,1.519087331E0,1.503567066E0,7.695462048E-1,2.271682549E0
8.780066667E-1,1.578916334E-1,1.867897572E0,-2.106839508E-1,1.886361268E0
8.880586667E-1,1.796505261E0,2.547604670E0,-1.133893229E0,3.317142530E0
8.981096667E-1,9.678372013E-1,1.530425959E0,1.766625697E0,2.529798177E0
9.081606667E-1,2.484898545E-1,3.560276348E0,-1.343969069E0,3.813602986E0
9.182126667E-1,7.862376301E-2,2.200610721E0,9.139841259E-1,2.384163631E0
9.282636667E-1,8.821332458E-1,3.046241480E0,-9.774041963E-1,3.318593856E0
9.383156667E-1,-2.141250737E-1,1.081479957E0,1.579537016E0,1.926236130E0
9.483666667E-1,2.105489678E0,1.203399081E0,-1.120234133E0,2.671363069E0
9.584186667E-1,7.611684604E-1,4.141010550E-1,4.730397463E-4,8.665202437E-1
9.684696667E-1,6.252036665E-1,1.608152120E0,2.606696924E0,3.126004113E0
9.785206667E-1,1.022280919E0,1.532751543E0,-9.291822088E-1,2.063435278E0
9.885726667E-1,-3.624550842E-1,3.074230055E0,-2.278205026E0,3.843498701E0
9.986236667E-1,6.453767797E-1,1.925001041E0,3.147994727E-1,2.054565381E0
1.008675667E0,1.545085075E-1,3.001910230E0,1.442531490E-1,3.009343264E0
1.018726667E0,-4.289489994E-1,3.051203135E0,1.205565475E0,3.308659234E0
1.028778667E0,-2.016057830E0,3.868328718E0,-2.417112066E0,4.987071985E0
1.038829667E0,-3.912544120E-1,2.606262476E0,4.302539152E-1,2.670356257E0
1.048880667E0,-9.234699176E-1,1.608208107E0,-4.320390701E-2,1.854992340E0
1.058932667E0,-5.572449507E-2,4.219929982E0,-1.918362697E0,4.635841855E0
1.068983667E0,-1.293763998E0,2.603249406E0,1.530797549E0,3.285433592E0
1.079035667E0,1.102543528E0,2.476144678E0,-6.599869251E-2,2.711318964E0
1.089086667E0,1.572255916E0,1.837038891E0,-1.464239863E0,2.826782434E0
1.099138667E0,-1.159737191E0,2.173503760E0,9.219538808E-2,2.465280701E0
1.109189667E0,8.641608784E-1,5.365283022E-1,-2.104763746E-1,1.038718897E0
1.119240667E0,-9.385748836E-1,-2.557910680E0,1.526620299E0,3.123203387E0
1.129292667E0,2.662619183E-1,-4.938704155E-1,-1.199128860E0,1.323900834E0
1.139343667E0,-1.908496288E-1,-4.019517834E0,7.624751669E-1,4.095645930E0
1.149395667E0,-1.954079829E0,-2.917418256E0,-1.544694042E0,3.836122645E0
1.159446667E0,-2.664566854E-1,-3.523576006E0,-1.532778001E0,3.851752256E0
1.169497667E0,-2.559381840E0,-3.532271693E0,1.417636385E0,4.586618758E0
1.179549667E0,3.320133101E-2,-3.521681508E0,-1.223094842E0,3.728177030E0
1.189600667E0,-2.210302627E0,-1.986357922E0,-4.372881156E-1,3.003710437E0
1.199652667E0,8.092384934E-1,-1.056438964E0,-7.511754227E-1,1.528134398E0
1.209703667E0,-2.251231674E0,-3.281417955E-1,2.054611593E0,3.065477106E0
1.219755667E0,1.065942809E0,2.482319923E0,-2.108153377E0,3.426726854E0
1.229806667E0,8.682789079E-2,1.400094446E0,4.696682417E-1,1.479321397E0
1.239857667E0,-3.096538352E0,6.332245114E0,7.867428660E-2,7.049260075E0
1.249909667E0,3.769764616E-1,3.521780326E0,-2.182818228E-1,3.548618728E0
1.259960667E0,-2.971079908E0,3.467507932E0,-4.183858216E-1,4.585408791E0
1.270012667E0,-1.135275291E0,3.151735191E0,-9.436897355E-1,3.480349841E0
1.280063667E0,9.306059327E-1,2.085916124E0,-5.125376880E-2,2.284666371E0
1.290115667E0,-8.461898630E-2,3.337198346E0,2.781859624E-1,3.349841878E0
1.300166667E0,-2.192774209E-1,3.751282956E0,-3.717899448E-1,3.776034185E0
1.310217667E0,-7.866163469E-1,5.213133647E0,-2.050400428E0,5.656825047E0
1.320269667E0,9.562404916E-1,5.894716094E0,-2.194415011E0,6.362195450E0
1.330320667E0,-7.916634442E-1,5.883187138E0,1.473934547E0,6.116461801E0
1.340372667E0,-1.026378940E0,6.652269074E0,-5.581290132E-1,6.754083621E0
1.350423667E0,1.626998573E0,6.591545155E0,-7.794490492E-1,6.833969030E0
1.360475667E0,1.401004711E0,4.322377878E0,1.349654317E-2,4.543781121E0
1.370526667E0,1.433512599E0,3.306912693E0,-6.790196121E-2,3.604891206E0
1.380577667E0,-1.979583995E-3,1.361958613E0,-6.091348600E-1,1.491972004E0
1.390629667E0,7.461145844E-1,-1.249977928E-1,1.104875252E0,1.339052181E0
1.400680667E0,1.681666531E-1,6.240064491E-1,-1.892774697E0,2.000065030E0
1.410732667E0,-9.013358675E-1,-3.152893597E-1,1.979163800E0,2.197476524E0
1.420783667E0,1.241230128E0,1.247700511E0,-1.942772484E-1,1.770636169E0
1.430835667E0,2.041065458E-1,3.429411349E-1,-2.394299154E0,2.427331157E0
1.440886667E0,-3.958538319E-1,2.743013647E-1,2.321434076E0,2.370864329E0
1.450937667E0,-1.923521111E0,-6.661950693E-2,-7.768897229E-1,2.075555170E0
1.460989667E0,1.612368547E0,-5.949391726E-1,-1.931889646E0,2.585707360E0
1.471040667E0,-4.094273756E-1,-7.609533560E-2,1.867034669E0,1.912913937E0
1.481092667E0,2.454789587E-1,1.617674018E0,-1.243822052E0,2.055291329E0
1.491143667E0,1.831422494E-1,-8.835334347E-1,-2.314813274E-1,9.315342284E-1
1.501194667E0,-3.303641029E-1,5.869116033E-1,1.199821170E0,1.375927509E0
1.511246667E0,1.537315002E0,-9.369397098E-1,7.984957695E-2,1.802101382E0
1.521297667E0,-2.280307100E0,-3.943138945E-1,-9.663652378E-1,2.507816918E0
1.531349667E0,-8.217169632E-1,-6.512473843E-1,-9.911328739E-1,1.442805010E0
1.541400667E0,-2.229930341E-1,9.026596771E-1,1.997981894E0,2.203735927E0
1.551452667E0,-2.259517618E0,-5.624023046E-1,-1.498408068E0,2.768924512E0
1.561503667E0,3.441949168E0,9.431927953E-1,-4.162656212E-1,3.593035457E0
1.571554667E0,7.058975814E-1,3.241784066E-1,-6.316027862E-1,1.001151894E0
1.581606667E0,1.537233287E0,1.195621407E0,1.609726775E-1,1.954100543E0
1.591657667E0,1.644420498E0,1.490596188E0,4.276799709E-1,2.260288903E0
1.601709667E0,-1.829964345E0,3.158082636E-1,-3.213347302E0,3.711348171E0
1.611760667E0,-1.668923401E0,9.393218654E-1,2.512976582E0,3.159538287E0
1.621812667E0,-2.392162582E0,3.202460664E0,-5.682826447E0,6.947856687E0
1.631863667E0,-3.471920534E0,3.890080653E0,4.283652061E0,6.748083777E0
1.641914667E0,-3.069274247E0,3.882927462E0,-6.408162439E-1,4.990813114E0
1.651966667E0,1.751830341E0,3.710838058E0,-1.774258652E0,4.470707148E0
1.662017667E0,-4.297923652E0,2.487171650E0,6.804457480E-1,5.012103047E0
1.672069667E0,2.463597431E0,3.036262330E0,5.918130684E-1,3.954547249E0
1.682120667E0,-4.518059919E0,1.977160544E0,-9.174100095E-1,5.016340337E0
1.692171667E0,-2.369152911E0,3.022415538E0,1.122416899E0,4.000962496E0
1.702223667E0,-2.317189290E0,9.027743556E-1,1.515119995E0,2.912036460E0
1.712274667E0,-5.752678601E-1,1.870468921E-1,1.805240124E-1,6.312753518E-1
1.722326667E0,-3.038709097E0,-1.818065846E0,-1.402159975E0,3.808565214E0
1.732377667E0,9.931390536E-1,-1.544166185E0,1.440838721E0,2.333836028E0
1.742429667E0,-2.743239350E0,-2.293543589E0,-3.525315553E-1,3.593046454E0
1.752480667E0,-1.163523336E0,-3.221554454E0,1.775167894E-1,3.429826798E0
1.762531667E0,-8.120298079E-1,-1.861241248E0,1.059755212E-1,2.033431140E0
1.772583667E0,-1.491172869E0,-1.220901625E0,2.410052723E-1,1.942236043E0
1.782634667E0,2.705897569E0,-8.078749958E-1,4.694337684E-1,2.862675623E0
1.792686667E0,-8.342130478E-1,-5.892587122E-1,1.295237204E0,1.649477692E0
1.802737667E0,-4.802760046E-1,6.261633407E-1,-6.376546544E-1,1.014568395E0
1.812789667E0,-5.222456374E-1,-6.948381577E-2,-3.933685094E-1,6.575007914E-1
1.822840667E0,-4.784648807E0,-9.004209610E-2,-4.016563529E-1,4.802322314E0
1.832891667E0,-1.918936455E0,-7.563610259E-1,4.999924868E-1,2.122355203E0
1.842943667E0,-3.746436491E0,-1.298837043E0,1.564434827E0,4.262654147E0
1.852994667E0,-1.223515623E-1,-1.525914101E0,-6.101049131E-1,1.647911331E0
1.863046667E0,-6.676940670E-1,-5.594064105E-2,-2.682485610E0,2.764900318E0
1.873097667E0,1.629754365E0,-1.862009572E0,1.239186965E0,2.767447067E0
1.883149667E0,-2.390863915E0,1.413341605E0,-7.621635103E-1,2.880044786E0
1.893200667E0,1.929840928E0,3.499953255E-2,-1.671789122E0,2.553505403E0
1.903251667E0,3.788664498E0,8.408031522E-1,-3.294835854E-1,3.894802697E0
1.913303667E0,-1.279099474E0,5.727590756E-2,-3.795863882E0,4.005990340E0
1.923354667E0,4.136998630E0,-1.616442302E0,2.746058877E0,5.221923279E0
1.933406667E0,3.407889722E0,-1.741821223E0,1.924341475E0,4.283776797E0
1.943457667E0,5.279088759E-2,3.477307354E-1,-1.728717613E-1,3.919032891E-1
1.953508667E0,1.365564298E0,-1.533121672E0,-8.983907712E-1,2.241056423E0
1.963560667E0,8.746426702E-1,-1.595885538E0,-2.734794801E0,3.284958608E0
1.973611667E0,1.637740200E0,-1.797146993E0,3.745662028E-1,2.460128070E0
1.983663667E0,3.700420658E0,-2.072825231E0,-1.253091643E0,4.422663921E0
1.993714667E0,6.660672108E0,-9.131954096E-1,-2.717099372E0,7.251283182E0
2.003766667E0,2.414715585E0,6.916714519E-1,2.110547227E0,3.280803309E0
2.013817667E0,7.321881686E0,4.343495243E-1,9.397393566E-1,7.394708986E0
2.023868667E0,1.747759071E0,1.400815407E0,-2.863755727E-1,2.258086921E0
2.033920667E0,3.167475895E0,1.786422688E-1,-2.412292791E0,3.985470250E0
2.043971667E0,5.258456585E0,-2.231791583E-1,-1.217224238E0,5.402111572E0
2.054023667E0,3.053046470E0,5.152286863E-1,3.275656402E0,4.507380415E0
2.064074667E0,6.337830375E0,8.587207751E-1,-2.043998312E0,6.714419136E0
2.074126667E0,3.222866277E0,6.072284119E-1,3.062969195E0,4.487468515E0
2.084177667E0,2.877451075E0,7.572912448E-1,-4.021539509E0,5.002598799E0
2.094228667E0,3.005283489E0,-7.546698649E-1,3.075182859E0,4.365547511E0
2.104280667E0,-9.091834887E-1,8.053545535E-1,-1.140328090E0,1.666000818E0
2.114331667E0,6.221007684E-1,7.844210098E-1,-1.842224348E0,2.096691736E0
2.124383667E0,-1.250574125E0,9.099292280E-1,1.627108208E0,2.244858116E0
2.134434667E0,4.102570589E-1,1.389426639E0,-1.505910630E0,2.089637305E0
2.144485667E0,-1.119505278E0,7.352462916E-1,7.828837037E-1,1.551381987E0
2.154537667E0,-4.761221060E0,1.940460933E0,-2.141174358E0,5.569492100E0
2.164588667E0,-1.191785122E0,-1.543278285E-1,-1.170004463E0,1.677223688E0
2.174640667E0,-8.220226264E0,-1.965424597E0,-3.462547447E0,9.133687563E0
2.184691667E0,-4.419073575E0,7.399853137E-1,2.141345682E0,4.965999482E0
2.194743667E0,-6.007452750E0,3.355057424E-1,-1.307466656E-1,6.018234570E0
2.204794667E0,-4.666566041E0,2.200582362E0,-1.349069595E0,5.332859469E0
2.214845667E0,-3.103628393E0,1.710047161E0,2.021499395E-1,3.549314736E0
2.224897667E0,-4.162925184E0,1.464049682E0,-5.807308406E-1,4.450914049E0
2.234948667E0,-2.842686162E0,-1.186715367E0,-3.737557787E-1,3.103039053E0
2.245000667E0,-3.031307399E0,3.797121180E-1,-2.095460826E0,3.704586605E0
2.255051667E0,-3.032441174E0,8.027688416E-1,3.912564951E0,5.014808250E0
2.265102667E0,-1.462029908E0,7.300679974E-1,-2.360581770E0,2.871041105E0
2.275154667E0,-1.983989653E0,1.658307196E0,4.023755604E-1,2.616888189E0
2.285205667E0,7.467631868E-1,2.140600600E0,1.028565579E0,2.489532755E0
2.295257667E0,-3.050567835E0,1.190281237E-1,-2.397719191E0,3.881905348E0
2.305308667E0,-1.230623644E-1,1.047139990E0,1.874377602E0,2.150566879E0
2.315360667E0,-4.506436239E0,2.521495171E-1,-3.682961749E0,5.825440259E0
2.325411667E0,-1.136454090E0,-4.549323081E-1,2.865274833E0,3.115813084E0
2.335462667E0,-4.804248089E0,-5.391211038E-1,-1.775003003E0,5.149959895E0
2.345514667E0,2.018460597E0,-6.360229889E-1,2.062196016E-2,2.116396393E0
2.355565667E0,-1.539481980E0,-1.422754891E0,2.494656086E-2,2.096391800E0
2.365617667E0,2.949157527E0,-2.916616310E0,3.978229183E-1,4.166826598E0
2.375668667E0,-1.427676931E0,-3.989046240E0,2.182315367E-1,4.242449331E0
2.385720667E0,-1.871346113E0,-3.961738573E0,1.180427125E0,4.537699527E0
2.395771667E0,-4.707182847E0,-3.981023860E0,-5.003479975E-1,6.185181440E0
2.405822667E0,-4.589750292E0,-3.958167971E0,2.861855382E-1,6.067520382E0
2.415874667E0,-2.313290952E0,-3.109173893E0,-3.777020645E-1,3.893704685E0
2.425925667E0,-2.852227649E0,-3.051750727E0,-1.131865999E0,4.327759894E0
2.435977667E0,-2.292940302E-1,-2.836028523E0,3.877247769E-1,2.871578666E0
2.446028667E0,1.461022579E-1,-3.268237454E0,-5.981660682E-1,3.325736696E0
2.456079667E0,4.647964513E-1,-3.388492461E0,-3.850718951E-1,3.441830510E0
2.466131667E0,4.651454204E-1,-3.625962214E0,1.593341122E0,3.987818724E0
2.476182667E0,2.048122938E0,-2.169138959E0,-2.329641813E0,3.785129109E0
2.486234667E0,3.631472119E-1,-4.804557991E0,1.473787197E0,5.038621051E0
2.496285667E0,2.194451848E0,-4.198307855E0,-1.584605967E0,4.995236114E0
2.506337667E0,2.258263828E0,-7.055444534E0,2.495902712E0,7.817197927E0
2.516388667E0,-8.132281217E-1,-6.212713408E0,-3.726899482E0,7.290331105E0
2.526439667E0,4.749205032E0,-7.112911554E0,2.359188963E0,8.872104135E0
2.536491667E0,1.415964666E0,-6.726441590E0,-2.027119154E0,7.166532248E0
2.546542667E0,3.343292899E0,-5.618851476E0,-1.683758372E-1,6.540447212E0
2.556594667E0,5.262859538E0,-3.804368073E0,5.605912757E-1,6.518064861E0
2.566645667E0,5.219721120E0,-2.225355552E0,-6.497309089E-1,5.711378657E0
2.576697667E0,4.408383695E0,-1.251980088E0,4.214193571E-1,4.602053370E0
2.586748667E0,5.562835150E0,-2.747760490E-1,-6.248919368E-1,5.604563026E0
2.596799667E0,4.827271793E0,-5.735924501E-1,-1.470619175E0,5.078807145E0
2.606851667E0,1.757786461E0,-1.391210935E-1,1.323344770E0,2.204633598E0
2.616902667E0,4.357214127E0,-6.802536669E-1,-1.478668453E0,4.651292335E0
2.626954667E0,5.093204038E-1,4.571472700E-1,3.199529162E0,3.271907358E0
2.637005667E0,1.641929876E0,1.668539678E0,-6.129501683E-1,2.419848401E0
2.647056667E0,3.565257298E0,2.145497497E0,-3.834498775E-1,4.178666405E0
2.657108667E0,4.006676618E-1,4.142540913E0,3.766478115E-1,4.178880635E0
2.667159667E0,3.986521119E0,5.515793130E0,4.156692052E-1,6.818291970E0
2.677211667E0,7.119609247E-1,4.749902020E0,-1.473463261E-1,4.805223044E0
2.687262667E0,-2.280509853E0,5.307006601E0,-9.096150863E-1,5.847430535E0
2.697314667E0,-1.300954904E0,1.994777620E0,-1.514183271E-1,2.386325402E0
2.707365667E0,-6.479249963E0,1.055611583E0,-1.149057983E0,6.664482737E0
2.717416667E0,-4.380097205E0,3.988113901E-1,4.691998798E-1,4.423172004E0
2.727468667E0,-3.391510209E0,9.532875563E-2,9.519419110E-1,3.523864707E0
2.737519667E0,-5.681402065E0,-3.937479572E-1,-1.300527180E0,5.841638283E0
2.747571667E0,1.623912485E-1,-1.520549135E0,1.101562804E-1,1.533158503E0
2.757622667E0,-2.994412345E0,-1.426769882E0,3.661216539E-1,3.337097939E0
2.767673667E0,1.191561320E0,-9.103978092E-1,-1.363222196E0,2.026577733E0
2.777725667E0,-9.654159424E-1,-3.118566568E0,1.056150988E0,3.431171854E0
2.787776667E0,1.108643051E-1,-2.426198201E0,-9.888647389E-1,2.622323793E0
2.797828667E0,-1.097117458E0,-4.378641248E0,2.233015405E0,5.036121891E0
2.807879667E0,-1.992204260E0,-3.717685147E0,-2.279907736E0,4.794584440E0
2.817931667E0,-2.118495347E0,-3.918276219E0,-1.370196170E0,4.660294906E0
2.827982667E0,-3.823111615E0,-4.080149660E0,1.302125809E0,5.741022147E0
2.838033667E0,-1.553075149E0,-2.704567912E0,-9.428693712E-2,3.120195512E0
2.848085667E0,-2.436764558E0,-3.856722580E0,-2.800518090E-1,4.570619169E0
2.858136167E0,-7.393632431E-1,-2.505281062E0,-3.052819598E-1,2.629883700E0
2.868188167E0,-7.310586619E-1,-4.929044920E0,-6.286417562E-1,5.022461652E0
2.878239167E0,1.453616715E-1,-5.488188425E0,4.324197239E-1,5.507116217E0
2.888290167E0,-2.532530841E0,-8.027286274E0,7.676066834E-1,8.452233870E0
2.898342167E0,-1.931243675E0,-7.069239870E0,-5.708882225E-1,7.350494394E0
2.908393167E0,-4.149814557E0,-6.890351908E0,-5.925878245E-1,8.065300404E0
2.918445167E0,-2.860251490E0,-7.402441700E0,-8.685378116E-1,7.983203595E0
2.928496167E0,-2.738954802E0,-6.564177262E0,-1.907186329E-1,7.115242100E0
2.938548167E0,-3.200352158E0,-6.792622715E0,-5.400956154E-2,7.508987569E0
2.948599167E0,-2.145465922E0,-6.488333613E0,-1.598622327E0,7.018339578E0
2.958650167E0,-1.967248929E0,-3.469905876E0,-3.480297840E-1,4.003928054E0
2.968702167E0,-1.671736643E0,-3.554524442E0,1.555792058E0,4.224906666E0
2.978753167E0,-1.551329755E0,-2.120447294E0,1.038000062E0,2.824953958E0
2.988805167E0,-2.726818614E0,-7.471614553E-1,-1.608489504E0,3.252849286E0
2.998856167E0,-1.242646616E0,-1.667513638E0,1.431085566E0,2.524436222E0
3.008908167E0,-1.184738423E0,-1.666745167E0,-1.137403312E0,2.339942495E0
3.018959167E0,-9.195653663E-1,-1.900253578E0,1.651733172E-1,2.117509468E0
3.029010167E0,-3.713214366E-1,-1.753893677E0,-4.638748205E-1,1.851810598E0
3.039062167E0,7.609849309E-1,-1.763175438E-1,4.630936325E-2,7.825154941E-1
3.049113167E0,7.277326195E-1,-1.555132784E-2,1.644184417E-1,7.462372500E-1
3.059165167E0,1.633298655E0,5.282935953E-1,-2.684761931E0,3.186644826E0
3.069216167E0,1.028093270E0,-1.457869906E0,2.170029198E0,2.809161291E0
3.079267167E0,1.732951144E0,-9.603631441E-1,-1.166348199E0,2.299083547E0
3.089319167E0,1.885308680E0,-3.694227872E0,9.475313562E-1,4.254353542E0
3.099370167E0,8.058221845E-1,-2.595611773E0,4.743138546E-1,2.758898965E0
3.109422167E0,3.238951821E-1,-6.363292660E0,-2.219018340E-3,6.371530938E0
3.119473167E0,1.469739608E0,-8.281836621E0,-1.554950643E0,8.553760801E0
3.129525167E0,2.031430599E0,-7.458001358E0,-1.189560476E0,7.820712797E0
3.139576167E0,4.625965607E0,-8.034447944E0,1.392970490E-1,9.272071787E0
3.149627167E0,4.867403280E0,-7.747169561E0,1.198720724E0,9.227523084E0
3.159679167E0,3.866584201E0,-6.707072688E0,-8.877529317E-1,7.792522229E0
3.169730167E0,3.787433367E0,-7.150115048E0,3.075775766E-1,8.097122988E0
3.179782167E0,3.722702643E0,-6.237650029E0,-3.328141594E-1,7.271695684E0
3.189833167E0,3.120697001E0,-5.022664690E0,-2.534534097E-1,5.918627289E0
3.199885167E0,2.494533002E0,-4.226539089E0,1.490420187E-1,4.910044918E0
3.209936167E0,2.500299526E0,-4.908303092E0,1.542010170E-1,5.510600232E0
3.219987167E0,3.461664810E0,-5.807466280E0,-1.103004143E0,6.850285103E0
3.230039167E0,2.641030166E-2,-5.690048928E0,2.155674868E0,6.084758700E0
3.240090167E0,-3.694347594E-1,-4.902239822E0,-2.383674179E0,5.463546458E0
3.250142167E0,-1.336114066E0,-5.099446233E0,1.476159997E0,5.474358503E0
3.260193167E0,-9.332186879E-1,-3.337457963E0,-2.353720647E0,4.189215160E0
3.270244167E0,-1.427455614E0,-6.047683348E0,1.208180349E0,6.330229314E0
3.280296167E0,-1.566884664E0,-5.360803324E0,-4.169731343E-1,5.600643394E0
3.290347167E0,-2.604044335E-1,-6.366999795E0,-1.863729823E-1,6.375047588E0
3.300399167E0,-1.710296326E-1,-5.520348696E0,3.583360863E-1,5.534609798E0
3.310450167E0,-7.873258334E-1,-4.340535821E0,-1.768893247E0,4.752800911E0
3.320502167E0,-2.418058877E0,-4.266755654E0,8.885066378E-1,4.984140506E0
3.330553167E0,-3.305631860E0,-3.958292516E0,6.274962866E-1,5.195097038E0
3.340604167E0,-3.584051419E0,-3.209315062E0,-3.447793168E-1,4.823276948E0
3.350656167E0,-3.677285857E0,-3.141882048E0,1.595447874E-1,4.839350020E0
3.360707167E0,-3.010433131E0,-4.686725486E0,-2.879853112E-1,5.577727043E0
3.370759167E0,-2.555698678E0,-4.661637423E0,-3.220810103E-1,5.325992431E0
3.380810167E0,-2.956576767E0,-4.383399712E0,2.342043757E-2,5.287351675E0
3.390861167E0,-4.484175889E0,-4.103604889E0,2.103418887E-2,6.078474227E0
3.400913167E0,-4.699708936E0,-3.440023388E0,4.152458668E-2,5.824323934E0
3.410964167E0,-4.415124658E0,-2.844218133E0,6.615539789E-3,5.251946906E0
3.421016167E0,-3.968343588E0,-2.702958466E0,-1.243696922E-1,4.803041028E0
3.431067167E0,-3.445583797E0,-3.101910189E0,-2.526359689E-1,4.643029125E0
3.441119167E0,-2.379962805E0,-3.048176616E0,-1.720823872E-1,3.871074267E0
3.451170167E0,-1.070241828E0,-2.762176142E0,-1.370289141E-1,2.965436146E0
3.461221167E0,1.771919218E-1,-1.977188610E0,-6.934797764E-3,1.985124648E0
3.471273167E0,1.375767105E0,-7.595043428E-1,-3.373492599E-2,1.571852416E0
3.481324167E0,1.703188377E0,-4.896012172E-1,7.417426944E-2,1.773714132E0
3.491376167E0,6.952457086E-1,-6.054212203E-1,-5.472935379E-2,9.235240936E-1
3.501427167E0,3.878301729E-1,-7.035606685E-1,-3.739703715E-2,8.042439902E-1
3.511478167E0,2.466843074E-1,-8.260560358E-1,1.484023333E-3,8.621043580E-1
3.521530167E0,5.880077735E-1,-7.212954198E-1,-1.078308427E-1,9.368285409E-1
3.531581167E0,7.659985529E-1,-5.002870038E-1,-5.308102369E-2,9.164379217E-1
3.541633167E0,5.960749942E-1,-6.834121136E-1,-1.455933309E-1,9.184524668E-1
3.551684167E0,9.299343800E-1,-8.704472199E-1,-1.560434747E-1,1.283279346E0
3.561736167E0,1.841039848E0,-9.173102414E-1,-1.892539054E-1,2.065599875E0
3.571787167E0,2.460744866E0,-8.782088871E-1,-7.953675091E-2,2.613970589E0
3.581838167E0,2.346083599E0,-4.311350175E-1,6.608347714E-2,2.386284283E0
3.591890167E0,1.416653176E0,1.617142140E-1,-9.920327604E-2,1.429300177E0
3.601941167E0,3.730331725E-1,6.196150439E-1,-1.831932664E-3,7.232426331E-1
3.611993167E0,3.583388272E-1,7.938560039E-1,-4.078491390E-2,8.719389194E-1
3.622044167E0,2.848631173E-1,5.615421791E-1,-1.548909885E-1,6.484349103E-1
3.632096167E0,1.546938459E-1,2.970310086E-1,-1.252169538E-1,3.575428527E-1
3.642147167E0,-6.176505256E-2,2.941184008E-1,-1.031402063E-1,3.177396066E-1
3.652198167E0,-5.412068787E-1,4.577902079E-1,2.610080123E-2,7.093363178E-1
3.662250167E0,-1.136323405E0,1.031674982E0,-1.224909818E-1,1.539671455E0
3.672301167E0,-1.572164846E0,1.501724024E0,9.800518155E-3,2.174160389E0
3.682353167E0,-1.492503696E0,1.423468105E0,-9.469858110E-2,2.064654099E0
3.692404167E0,-1.536858627E0,1.318022342E0,-1.699920076E-1,2.031751613E0
3.702455167E0,-1.382075081E0,8.108236735E-1,-7.868071854E-2,1.604293369E0
3.712507167E0,-1.163822129E0,2.333955962E-1,-8.092487991E-2,1.189749675E0
3.722558167E0,-1.129685865E0,2.366864822E-1,-9.843436718E-2,1.158404061E0
3.732610167E0,-1.218698833E0,2.613741759E-1,-1.113029194E-1,1.251371905E0
3.742661167E0,-1.429918169E0,2.713632850E-1,-6.836739957E-2,1.457044304E0
3.752713167E0,-1.563283656E0,3.701760402E-1,-9.257896543E-2,1.609178969E0
3.762764167E0,-1.288964311E0,2.708438696E-1,-5.730797589E-2,1.318358677E0
3.772815167E0,-9.794611005E-1,1.259786267E-1,-6.825922608E-2,9.898858438E-1
3.782867167E0,-6.562191255E-1,-5.355720175E-2,-1.050364584E-1,6.667267598E-1
3.792918167E0,-5.851370099E-1,-2.414457138E-1,-5.792485714E-2,6.356387670E-1
3.802970167E0,-5.057676356E-1,-1.324823933E-1,-9.267485976E-2,5.309812759E-1
3.813021167E0,-6.453047128E-1,-5.745599267E-2,-8.774741113E-2,6.537728746E-1
3.823072167E0,-9.736488220E-1,-7.538097943E-2,-7.743643105E-2,9.796278485E-1
3.833124167E0,-1.054320225E0,1.036395311E-1,-8.314214408E-2,1.062659355E0
3.843175167E0,-1.106878288E0,4.760102049E-1,-6.664480984E-2,1.206733936E0
3.853228042E0,-9.327741534E-1,3.882403551E-1,-4.591233730E-2,1.011388223E0
3.863279042E0,-1.041966959E0,5.981592343E-1,-1.251508802E-1,1.207953789E0
3.873331042E0,-1.215662666E0,1.167686919E0,-9.899862349E-2,1.688528705E0
3.883382042E0,-1.028429485E0,5.366429442E-1,-6.909654737E-2,1.162078822E0
3.893433042E0,-9.069647627E-1,3.679630518E-1,-6.060697496E-2,9.806401449E-1
3.903485042E0,-7.951250689E-1,1.169590590E-1,-9.763271391E-2,8.095896761E-1
3.913536042E0,-5.947204136E-1,-2.018390869E-1,-6.684361517E-2,6.315848766E-1
3.923588042E0,-3.266507921E-1,-4.984310244E-1,-7.316679418E-2,6.004062007E-1
3.933639042E0,9.225584281E-2,-5.794354996E-1,-1.086605626E-1,5.967107813E-1
3.943690042E0,1.734125922E-1,-7.963352233E-1,-1.543208849E-1,8.294797469E-1
3.953742042E0,1.513585576E-1,-7.393642663E-1,-1.453179270E-1,7.685611434E-1
3.963793042E0,1.446886661E-1,-1.634745183E-1,-8.362161577E-2,2.337761811E-1
3.973845042E0,1.679937399E-1,-1.474667513E-1,-7.670962214E-2,2.363317701E-1
3.983896042E0,3.462580411E-1,-1.088215803E-1,-1.711421549E-1,4.012809546E-1
3.993948042E0,3.859476618E-1,-2.318905000E-2,-1.163473123E-1,4.037697696E-1
4.003999042E0,2.946049988E-1,-5.415145702E-2,-9.772451520E-3,2.996998272E-1
4.014050042E0,3.474054841E-1,1.547497051E-1,2.987751782E-2,3.814848721E-1
4.024102042E0,3.977540673E-1,3.104600712E-1,-9.468162417E-2,5.133793567E-1
4.034153042E0,3.460039430E-1,3.071104937E-1,-3.226961374E-2,4.637638536E-1
4.044205042E0,3.756386917E-1,2.909209789E-1,-9.409514844E-2,4.843483660E-1
4.054256042E0,4.948635651E-1,1.955772123E-1,-1.304747701E-1,5.478723023E-1
4.064307042E0,3.344057715E-1,2.126933464E-1,-8.093891323E-2,4.044957198E-1
4.074359042E0,2.171510809E-1,1.468250651E-1,-1.137306833E-1,2.857391468E-1
4.084410042E0,2.636918112E-1,2.289626027E-1,-1.328984410E-1,3.736565808E-1
4.094462042E0,2.250290711E-1,1.057084314E-1,-1.989105821E-2,2.494153353E-1
4.104513042E0,1.805976508E-1,8.909972593E-2,-1.378510326E-1,2.440433974E-1
4.114565042E0,2.140271694E-1,4.113841463E-2,-8.725916862E-2,2.347640537E-1
4.124616042E0,2.188164593E-1,3.475100304E-2,-8.471504509E-2,2.372022638E-1
4.134667042E0,1.915527382E-1,4.095771282E-2,-9.983302116E-2,2.198559025E-1
4.144719042E0,2.019408833E-1,-8.412722633E-3,-9.025001943E-2,2.213503112E-1
4.154770042E0,1.844780824E-1,-3.453294758E-2,-9.997686267E-2,2.126500892E-1
4.164822042E0,2.071820351E-1,-3.367580515E-2,-3.859863997E-2,2.134205016E-1
4.174873042E0,2.463586357E-1,-8.995985135E-2,-7.556824565E-2,2.729393926E-1
4.184924042E0,2.669105938E-1,-1.398172868E-1,-7.751069069E-2,3.111238434E-1
4.194976042E0,3.059171501E-1,-2.022677427E-1,-9.038099706E-2,3.777118837E-1
4.205027042E0,3.088535853E-1,-2.432779205E-1,-6.462985933E-2,3.984365727E-1
4.215079042E0,2.794416703E-1,-3.111178464E-1,-6.672140837E-2,4.234781078E-1
4.225130042E0,2.518256545E-1,-3.549480268E-1,-9.216498256E-2,4.448580065E-1
4.235182042E0,2.601870998E-1,-3.731217578E-1,-7.075657189E-2,4.603516759E-1
4.245233042E0,2.748367869E-1,-3.772382341E-1,-8.661948323E-2,4.747071514E-1
4.255284042E0,2.540273687E-1,-3.816258751E-1,-9.170480669E-2,4.675232445E-1
4.265336042E0,2.262902790E-1,-3.617275444E-1,-9.544234693E-2,4.372223100E-1
4.275387042E0,1.695886411E-1,-3.202317553E-1,-8.316260934E-2,3.717858307E-1
4.285439042E0,9.673445368E-2,-2.771450484E-1,-7.851699650E-2,3.038615657E-1
4.295490042E0,3.463903572E-2,-2.393184785E-1,-7.327262878E-2,2.526698935E-1
4.305541042E0,-8.552612700E-3,-2.008801253E-1,-7.117230892E-2,2.132872933E-1
4.315593042E0,-6.565024871E-2,-1.643363979E-1,-8.299011648E-2,1.954578376E-1
4.325644042E0,-1.122006497E-1,-1.390306170E-1,-7.310072064E-2,1.930342291E-1
4.335696042E0,-1.532782442E-1,-1.069028439E-1,-7.743058383E-2,2.022818170E-1
4.345747042E0,-1.938094894E-1,-6.423655185E-2,-8.011328638E-2,2.193321486E-1
4.355799042E0,-2.085517636E-1,-2.332104861E-2,-8.160081804E-2,2.251586172E-1
4.365850042E0,-2.176765629E-1,1.439949259E-2,-7.845033824E-2,2.318294351E-1
4.375901042E0,-2.247281588E-1,3.518044449E-2,-8.099153817E-2,2.414540086E-1
4.385953042E0,-2.371823079E-1,5.577084796E-2,-8.248725593E-2,2.572352659E-1
4.396004042E0,-2.361631382E-1,7.733996113E-2,-8.548278451E-2,2.627961260E-1
4.406056042E0,-2.359981553E-1,9.424263532E-2,-7.021745861E-2,2.636423622E-1
4.416107042E0,-2.228858473E-1,1.003364664E-1,-8.459342301E-2,2.586533484E-1
4.426158042E0,-2.119659345E-1,1.089867094E-1,-8.115818381E-2,2.517822691E-1
4.436210042E0,-2.012455763E-1,1.168690210E-1,-8.461037993E-2,2.476228310E-1
4.446261042E0,-1.856611568E-1,1.014733662E-1,-8.596634924E-2,2.283793388E-1
4.456313042E0,-1.559196416E-1,8.445537390E-2,-7.445025802E-2,1.923187088E-1
4.466364042E0,-1.292371703E-1,5.382871812E-2,-7.880058646E-2,1.606527607E-1
4.476416042E0,-1.030849136E-1,2.910830518E-2,-8.165461242E-2,1.346895266E-1
4.486467042E0,-8.786267437E-2,-9.222772135E-4,-8.016708076E-2,1.189430998E-1
4.496518042E0,-8.864592718E-2,-2.121964610E-2,-7.778024733E-2,1.198254592E-1
4.506570042E0,-9.172051194E-2,-3.209707748E-2,-7.973380208E-2,1.256994586E-1
4.516621042E0,-9.375997508E-2,-3.129768088E-2,-8.438116908E-2,1.299640698E-1
4.526673042E0,-9.825882280E-2,-3.670736948E-2,-6.926845551E-2,1.256994278E-1
4.536724042E0,-1.158985203E-1,-2.590218319E-2,-7.675756931E-2,1.414040825E-1
4.546775042E0,-1.240005319E-1,-1.685453288E-2,-7.616173804E-2,1.464951109E-1
4.556827042E0,-1.234286194E-1,1.596177954E-3,-9.023481667E-2,1.529035448E-1
4.566878042E0,-1.200668907E-1,1.027128982E-2,-8.125407815E-2,1.453402313E-1
4.576930042E0,-1.179214285E-1,1.305389752E-2,-8.379937112E-2,1.452522018E-1
4.586981042E0,-1.162133197E-1,2.500090799E-2,-8.185458720E-2,1.443286338E-1
4.597033042E0,-1.065818866E-1,1.410313926E-2,-7.976011455E-2,1.338666238E-1
4.607084042E0,-9.704829385E-2,1.150502377E-2,-8.260536969E-2,1.279624320E-1
4.617135042E0,-9.282412821E-2,-4.445596947E-4,-8.694751203E-2,1.271864233E-1
4.627187042E0,-8.115409076E-2,-6.500210313E-3,-8.724864364E-2,1.193338384E-1
4.637238042E0,-9.017636279E-2,-5.722585449E-3,-8.545413315E-2,1.243661259E-1
4.647290042E0,-1.007604627E-1,1.520310331E-3,-9.323970079E-2,1.372902909E-1
4.657341042E0,-1.117547630E-1,6.102905713E-4,-8.381048083E-2,1.396914321E-1
4.667392042E0,-1.077033552E-1,3.539601717E-3,-8.336258411E-2,1.362419242E-1
4.677444042E0,-9.791378226E-2,3.099893384E-3,-8.066935658E-2,1.269025736E-1
4.687495042E0,-9.522968187E-2,2.832736156E-3,-8.456243277E-2,1.273872903E-1
4.697547042E0,-9.700741815E-2,1.026331385E-2,-7.917363882E-2,1.256353448E-1
4.707598042E0,-9.435354056E-2,1.755866327E-3,-7.767733634E-2,1.222270112E-1
4.717649042E0,-8.132446401E-2,1.063211784E-2,-8.411395133E-2,1.174813482E-1
4.727701042E0,-8.871063028E-2,3.842416682E-3,-8.770648062E-2,1.248069182E-1
4.737752042E0,-8.918760776E-2,1.326910247E-3,-8.606048942E-2,1.239459475E-1
4.747804042E0,-9.785261490E-2,-3.458036485E-3,-8.097107291E-2,1.270567075E-1
4.757855042E0,-8.653838052E-2,6.718592397E-3,-1.531163585E-1,1.760075283E-1
4.767907042E0,-1.159096482E-1,-1.592465200E-3,-7.512444198E-2,1.381349495E-1
4.777958042E0,-1.514720210E-1,-5.040681332E-3,-9.682755232E-2,1.798464804E-1
4.788009042E0,-1.603620272E-1,-6.111244848E-2,2.516700089E-2,1.734476551E-1
4.798061042E0,-1.230113657E-1,-1.007220629E-1,-1.465370715E-2,1.596604559E-1
4.808112042E0,-7.625960581E-2,-8.781254363E-2,-4.639122427E-2,1.252146796E-1